{"format_version":"1.10.0","particle_effect":{"description":{"identifier":"xboycraft:cat_all_black_tame_head_0_E","basic_render_parameters":{"material":"particles_alpha","texture":"textures/entity/cat/allblackcat_tame"}},"components":{"minecraft:particle_appearance_lighting":{},"minecraft:emitter_rate_instant":{"num_particles":1},"minecraft:emitter_lifetime_once":{},"minecraft:emitter_shape_point":{"offset":[0.15625,0.5625,-0.59375]},"minecraft:particle_lifetime_expression":{"max_lifetime":32},"minecraft:particle_appearance_billboard":{"size":[0.15625,0.125],"facing_camera_mode":"direction_z","direction":{"mode":"custom","custom_direction":[1,0,0]},"uv":{"texture_width":64,"texture_height":32,"uv":[0,5],"uv_size":[5,4]}}}}}