{"format_version":"1.10.0","particle_effect":{"description":{"identifier":"xboycraft:cat_all_black_head_1_N","basic_render_parameters":{"material":"particles_alpha","texture":"textures/entity/cat/allblackcat"}},"components":{"minecraft:particle_appearance_lighting":{},"minecraft:emitter_rate_instant":{"num_particles":1},"minecraft:emitter_lifetime_once":{},"minecraft:emitter_shape_point":{"offset":[0,0.50097625,-0.8125]},"minecraft:particle_lifetime_expression":{"max_lifetime":32},"minecraft:particle_appearance_billboard":{"size":[0.09375,0.0625],"facing_camera_mode":"direction_z","direction":{"mode":"custom","custom_direction":[0,0,-1]},"uv":{"texture_width":64,"texture_height":32,"uv":[2,26],"uv_size":[3,2]}}}}}