{"format_version":"1.10.0","particle_effect":{"description":{"identifier":"xboycraft:cat_black_tame_head_1_w","basic_render_parameters":{"material":"particles_alpha","texture":"textures/entity/cat/tuxedo_tame"}},"components":{"minecraft:particle_appearance_lighting":{},"minecraft:emitter_rate_instant":{"num_particles":1},"minecraft:emitter_lifetime_once":{},"minecraft:emitter_shape_point":{"offset":[-0.09375,0.50097625,-0.75]},"minecraft:particle_lifetime_expression":{"max_lifetime":32},"minecraft:particle_appearance_billboard":{"size":[0.0625,0.0625],"facing_camera_mode":"direction_z","direction":{"mode":"custom","custom_direction":[-1,0,0]},"uv":{"texture_width":64,"texture_height":32,"uv":[5,26],"uv_size":[2,2]}}}}}