{"format_version":"1.10.0","particle_effect":{"description":{"identifier":"xboycraft:cat_black_tame_X","basic_render_parameters":{"material":"particles_alpha","texture":"textures/entity/creeper/creeper"}},"events":{"send":{"sequence":[{"particle_effect":{"effect":"xboycraft:cat_black_tame_head_0_E","type":"emitter"}},{"particle_effect":{"effect":"xboycraft:cat_black_tame_head_0_w","type":"emitter"}},{"particle_effect":{"effect":"xboycraft:cat_black_tame_head_0_X","type":"emitter"}},{"particle_effect":{"effect":"xboycraft:cat_black_tame_head_0_S","type":"emitter"}},{"particle_effect":{"effect":"xboycraft:cat_black_tame_head_0_N","type":"emitter"}},{"particle_effect":{"effect":"xboycraft:cat_black_tame_head_0_U","type":"emitter"}},{"particle_effect":{"effect":"xboycraft:cat_black_tame_head_1_S","type":"emitter"}},{"particle_effect":{"effect":"xboycraft:cat_black_tame_head_1_E","type":"emitter"}},{"particle_effect":{"effect":"xboycraft:cat_black_tame_head_1_w","type":"emitter"}},{"particle_effect":{"effect":"xboycraft:cat_black_tame_head_1_N","type":"emitter"}},{"particle_effect":{"effect":"xboycraft:cat_black_tame_head_1_X","type":"emitter"}},{"particle_effect":{"effect":"xboycraft:cat_black_tame_head_2_N","type":"emitter"}},{"particle_effect":{"effect":"xboycraft:cat_black_tame_head_2_w","type":"emitter"}},{"particle_effect":{"effect":"xboycraft:cat_black_tame_head_2_E","type":"emitter"}},{"particle_effect":{"effect":"xboycraft:cat_black_tame_head_2_S","type":"emitter"}},{"particle_effect":{"effect":"xboycraft:cat_black_tame_head_1_U","type":"emitter"}},{"particle_effect":{"effect":"xboycraft:cat_black_tame_head_2_X","type":"emitter"}},{"particle_effect":{"effect":"xboycraft:cat_black_tame_head_3_E","type":"emitter"}},{"particle_effect":{"effect":"xboycraft:cat_black_tame_head_2_U","type":"emitter"}},{"particle_effect":{"effect":"xboycraft:cat_black_tame_head_3_N","type":"emitter"}},{"particle_effect":{"effect":"xboycraft:cat_black_tame_head_3_w","type":"emitter"}},{"particle_effect":{"effect":"xboycraft:cat_black_tame_head_3_S","type":"emitter"}},{"particle_effect":{"effect":"xboycraft:cat_black_tame_head_3_U","type":"emitter"}},{"particle_effect":{"effect":"xboycraft:cat_black_tame_body_0_E","type":"emitter"}},{"particle_effect":{"effect":"xboycraft:cat_black_tame_head_3_X","type":"emitter"}},{"particle_effect":{"effect":"xboycraft:cat_black_tame_body_0_N","type":"emitter"}},{"particle_effect":{"effect":"xboycraft:cat_black_tame_body_0_w","type":"emitter"}},{"particle_effect":{"effect":"xboycraft:cat_black_tame_body_0_S","type":"emitter"}},{"particle_effect":{"effect":"xboycraft:cat_black_tame_body_0_U","type":"emitter"}},{"particle_effect":{"effect":"xboycraft:cat_black_tame_tail1_0_w","type":"emitter"}},{"particle_effect":{"effect":"xboycraft:cat_black_tame_tail1_0_N","type":"emitter"}},{"particle_effect":{"effect":"xboycraft:cat_black_tame_body_0_X","type":"emitter"}},{"particle_effect":{"effect":"xboycraft:cat_black_tame_tail1_0_E","type":"emitter"}},{"particle_effect":{"effect":"xboycraft:cat_black_tame_tail2_0_w","type":"emitter"}},{"particle_effect":{"effect":"xboycraft:cat_black_tame_tail1_0_S","type":"emitter"}},{"particle_effect":{"effect":"xboycraft:cat_black_tame_tail1_0_U","type":"emitter"}},{"particle_effect":{"effect":"xboycraft:cat_black_tame_tail1_0_X","type":"emitter"}},{"particle_effect":{"effect":"xboycraft:cat_black_tame_tail2_0_E","type":"emitter"}},{"particle_effect":{"effect":"xboycraft:cat_black_tame_tail2_0_N","type":"emitter"}},{"particle_effect":{"effect":"xboycraft:cat_black_tame_tail2_0_S","type":"emitter"}},{"particle_effect":{"effect":"xboycraft:cat_black_tame_tail2_0_X","type":"emitter"}},{"particle_effect":{"effect":"xboycraft:cat_black_tame_tail2_0_U","type":"emitter"}},{"particle_effect":{"effect":"xboycraft:cat_black_tame_backLegL_0_w","type":"emitter"}},{"particle_effect":{"effect":"xboycraft:cat_black_tame_backLegL_0_S","type":"emitter"}},{"particle_effect":{"effect":"xboycraft:cat_black_tame_backLegL_0_E","type":"emitter"}},{"particle_effect":{"effect":"xboycraft:cat_black_tame_backLegL_0_N","type":"emitter"}},{"particle_effect":{"effect":"xboycraft:cat_black_tame_backLegR_0_N","type":"emitter"}},{"particle_effect":{"effect":"xboycraft:cat_black_tame_backLegL_0_U","type":"emitter"}},{"particle_effect":{"effect":"xboycraft:cat_black_tame_backLegR_0_E","type":"emitter"}},{"particle_effect":{"effect":"xboycraft:cat_black_tame_backLegL_0_X","type":"emitter"}},{"particle_effect":{"effect":"xboycraft:cat_black_tame_backLegR_0_w","type":"emitter"}},{"particle_effect":{"effect":"xboycraft:cat_black_tame_backLegR_0_X","type":"emitter"}},{"particle_effect":{"effect":"xboycraft:cat_black_tame_backLegR_0_S","type":"emitter"}},{"particle_effect":{"effect":"xboycraft:cat_black_tame_frontLegL_0_E","type":"emitter"}},{"particle_effect":{"effect":"xboycraft:cat_black_tame_frontLegL_0_N","type":"emitter"}},{"particle_effect":{"effect":"xboycraft:cat_black_tame_frontLegL_0_w","type":"emitter"}},{"particle_effect":{"effect":"xboycraft:cat_black_tame_frontLegL_0_S","type":"emitter"}},{"particle_effect":{"effect":"xboycraft:cat_black_tame_backLegR_0_U","type":"emitter"}},{"particle_effect":{"effect":"xboycraft:cat_black_tame_frontLegL_0_X","type":"emitter"}},{"particle_effect":{"effect":"xboycraft:cat_black_tame_frontLegL_0_U","type":"emitter"}},{"particle_effect":{"effect":"xboycraft:cat_black_tame_frontLegR_0_w","type":"emitter"}},{"particle_effect":{"effect":"xboycraft:cat_black_tame_frontLegR_0_N","type":"emitter"}},{"particle_effect":{"effect":"xboycraft:cat_black_tame_frontLegR_0_S","type":"emitter"}},{"particle_effect":{"effect":"xboycraft:cat_black_tame_frontLegR_0_X","type":"emitter"}},{"particle_effect":{"effect":"xboycraft:cat_black_tame_frontLegR_0_E","type":"emitter"}},{"particle_effect":{"effect":"xboycraft:cat_black_tame_frontLegR_0_U","type":"emitter"}}]}},"components":{"minecraft:particle_lifetime_events":{"timeline":{"0.0":"send"}},"minecraft:emitter_rate_instant":{"num_particles":1},"minecraft:particle_appearance_billboard":{"size":[0,0]},"minecraft:emitter_lifetime_once":{"active_time":1},"minecraft:emitter_shape_point":{}}}}