{"format_version":"1.10.0","particle_effect":{"description":{"identifier":"xboycraft:armor_stand_default_body_3_X","basic_render_parameters":{"material":"particles_alpha","texture":"textures/entity/armor_stand"}},"components":{"minecraft:particle_appearance_lighting":{},"minecraft:emitter_rate_instant":{"num_particles":1},"minecraft:emitter_lifetime_once":{},"minecraft:emitter_shape_point":{"offset":[0,0.75,0]},"minecraft:particle_lifetime_expression":{"max_lifetime":32},"minecraft:particle_appearance_billboard":{"size":[0.25,0.0625],"facing_camera_mode":"direction_z","direction":{"mode":"custom","custom_direction":[0,1,0]},"uv":{"texture_width":64,"texture_height":64,"uv":[2,48],"uv_size":[8,2]}}}}}