{"format_version":"1.10.0","particle_effect":{"description":{"identifier":"xboycraft:armor_stand_default_leftarm_0_N","basic_render_parameters":{"material":"particles_alpha","texture":"textures/entity/armor_stand"}},"components":{"minecraft:particle_appearance_lighting":{},"minecraft:emitter_rate_instant":{"num_particles":1},"minecraft:emitter_lifetime_once":{},"minecraft:emitter_shape_point":{"offset":[0.375,1.125,-0.0625]},"minecraft:particle_lifetime_expression":{"max_lifetime":32},"minecraft:particle_appearance_billboard":{"size":[0.0625,0.375],"facing_camera_mode":"direction_z","direction":{"mode":"custom","custom_direction":[0,0,-1]},"uv":{"texture_width":64,"texture_height":64,"uv":[34,18],"uv_size":[2,12]}}}}}