{"format_version":"1.10.0","particle_effect":{"description":{"identifier":"xboycraft:armor_stand_default_X","basic_render_parameters":{"material":"particles_alpha","texture":"textures/entity/creeper/creeper"}},"events":{"send":{"sequence":[{"particle_effect":{"effect":"xboycraft:armor_stand_default_baseplate_0_E","type":"emitter"}},{"particle_effect":{"effect":"xboycraft:armor_stand_default_baseplate_0_N","type":"emitter"}},{"particle_effect":{"effect":"xboycraft:armor_stand_default_baseplate_0_S","type":"emitter"}},{"particle_effect":{"effect":"xboycraft:armor_stand_default_baseplate_0_w","type":"emitter"}},{"particle_effect":{"effect":"xboycraft:armor_stand_default_baseplate_0_X","type":"emitter"}},{"particle_effect":{"effect":"xboycraft:armor_stand_default_body_0_E","type":"emitter"}},{"particle_effect":{"effect":"xboycraft:armor_stand_default_body_0_w","type":"emitter"}},{"particle_effect":{"effect":"xboycraft:armor_stand_default_baseplate_0_U","type":"emitter"}},{"particle_effect":{"effect":"xboycraft:armor_stand_default_body_0_N","type":"emitter"}},{"particle_effect":{"effect":"xboycraft:armor_stand_default_body_0_S","type":"emitter"}},{"particle_effect":{"effect":"xboycraft:armor_stand_default_body_0_X","type":"emitter"}},{"particle_effect":{"effect":"xboycraft:armor_stand_default_body_1_E","type":"emitter"}},{"particle_effect":{"effect":"xboycraft:armor_stand_default_body_0_U","type":"emitter"}},{"particle_effect":{"effect":"xboycraft:armor_stand_default_body_1_w","type":"emitter"}},{"particle_effect":{"effect":"xboycraft:armor_stand_default_body_1_N","type":"emitter"}},{"particle_effect":{"effect":"xboycraft:armor_stand_default_body_1_S","type":"emitter"}},{"particle_effect":{"effect":"xboycraft:armor_stand_default_body_1_X","type":"emitter"}},{"particle_effect":{"effect":"xboycraft:armor_stand_default_body_2_E","type":"emitter"}},{"particle_effect":{"effect":"xboycraft:armor_stand_default_body_1_U","type":"emitter"}},{"particle_effect":{"effect":"xboycraft:armor_stand_default_body_2_w","type":"emitter"}},{"particle_effect":{"effect":"xboycraft:armor_stand_default_body_2_N","type":"emitter"}},{"particle_effect":{"effect":"xboycraft:armor_stand_default_body_2_S","type":"emitter"}},{"particle_effect":{"effect":"xboycraft:armor_stand_default_body_2_X","type":"emitter"}},{"particle_effect":{"effect":"xboycraft:armor_stand_default_body_2_U","type":"emitter"}},{"particle_effect":{"effect":"xboycraft:armor_stand_default_body_3_w","type":"emitter"}},{"particle_effect":{"effect":"xboycraft:armor_stand_default_body_3_E","type":"emitter"}},{"particle_effect":{"effect":"xboycraft:armor_stand_default_body_3_S","type":"emitter"}},{"particle_effect":{"effect":"xboycraft:armor_stand_default_body_3_U","type":"emitter"}},{"particle_effect":{"effect":"xboycraft:armor_stand_default_body_3_N","type":"emitter"}},{"particle_effect":{"effect":"xboycraft:armor_stand_default_body_3_X","type":"emitter"}},{"particle_effect":{"effect":"xboycraft:armor_stand_default_head_0_w","type":"emitter"}},{"particle_effect":{"effect":"xboycraft:armor_stand_default_head_0_E","type":"emitter"}},{"particle_effect":{"effect":"xboycraft:armor_stand_default_head_0_N","type":"emitter"}},{"particle_effect":{"effect":"xboycraft:armor_stand_default_head_0_X","type":"emitter"}},{"particle_effect":{"effect":"xboycraft:armor_stand_default_head_0_S","type":"emitter"}},{"particle_effect":{"effect":"xboycraft:armor_stand_default_head_0_U","type":"emitter"}},{"particle_effect":{"effect":"xboycraft:armor_stand_default_hat_0_w","type":"emitter"}},{"particle_effect":{"effect":"xboycraft:armor_stand_default_hat_0_E","type":"emitter"}},{"particle_effect":{"effect":"xboycraft:armor_stand_default_hat_0_N","type":"emitter"}},{"particle_effect":{"effect":"xboycraft:armor_stand_default_hat_0_S","type":"emitter"}},{"particle_effect":{"effect":"xboycraft:armor_stand_default_hat_0_U","type":"emitter"}},{"particle_effect":{"effect":"xboycraft:armor_stand_default_hat_0_X","type":"emitter"}},{"particle_effect":{"effect":"xboycraft:armor_stand_default_leftarm_0_w","type":"emitter"}},{"particle_effect":{"effect":"xboycraft:armor_stand_default_leftarm_0_E","type":"emitter"}},{"particle_effect":{"effect":"xboycraft:armor_stand_default_leftarm_0_N","type":"emitter"}},{"particle_effect":{"effect":"xboycraft:armor_stand_default_leftarm_0_S","type":"emitter"}},{"particle_effect":{"effect":"xboycraft:armor_stand_default_leftarm_0_X","type":"emitter"}},{"particle_effect":{"effect":"xboycraft:armor_stand_default_leftarm_0_U","type":"emitter"}},{"particle_effect":{"effect":"xboycraft:armor_stand_default_leftleg_0_E","type":"emitter"}},{"particle_effect":{"effect":"xboycraft:armor_stand_default_leftleg_0_N","type":"emitter"}},{"particle_effect":{"effect":"xboycraft:armor_stand_default_leftleg_0_w","type":"emitter"}},{"particle_effect":{"effect":"xboycraft:armor_stand_default_leftleg_0_S","type":"emitter"}},{"particle_effect":{"effect":"xboycraft:armor_stand_default_leftleg_0_X","type":"emitter"}},{"particle_effect":{"effect":"xboycraft:armor_stand_default_rightarm_0_E","type":"emitter"}},{"particle_effect":{"effect":"xboycraft:armor_stand_default_leftleg_0_U","type":"emitter"}},{"particle_effect":{"effect":"xboycraft:armor_stand_default_rightarm_0_N","type":"emitter"}},{"particle_effect":{"effect":"xboycraft:armor_stand_default_rightarm_0_w","type":"emitter"}},{"particle_effect":{"effect":"xboycraft:armor_stand_default_rightarm_0_S","type":"emitter"}},{"particle_effect":{"effect":"xboycraft:armor_stand_default_rightarm_0_U","type":"emitter"}},{"particle_effect":{"effect":"xboycraft:armor_stand_default_rightarm_0_X","type":"emitter"}},{"particle_effect":{"effect":"xboycraft:armor_stand_default_rightleg_0_E","type":"emitter"}},{"particle_effect":{"effect":"xboycraft:armor_stand_default_rightleg_0_w","type":"emitter"}},{"particle_effect":{"effect":"xboycraft:armor_stand_default_rightleg_0_X","type":"emitter"}},{"particle_effect":{"effect":"xboycraft:armor_stand_default_rightleg_0_N","type":"emitter"}},{"particle_effect":{"effect":"xboycraft:armor_stand_default_rightleg_0_S","type":"emitter"}},{"particle_effect":{"effect":"xboycraft:armor_stand_default_rightleg_0_U","type":"emitter"}}]}},"components":{"minecraft:particle_lifetime_events":{"timeline":{"0.0":"send"}},"minecraft:emitter_rate_instant":{"num_particles":1},"minecraft:particle_appearance_billboard":{"size":[0,0]},"minecraft:emitter_lifetime_once":{"active_time":1},"minecraft:emitter_shape_point":{}}}}