{
	"format_version": "1.10.0",
	"particle_effect": {
		"description": {
			"identifier": "xboycraft:creeper_head_W",
			"basic_render_parameters": {
				"material": "particles_alpha",
				"texture": "textures/entity/creeper/creeper"
			}
		},
		"components": {
		    "minecraft:particle_appearance_lighting": {},
			"minecraft:emitter_rate_instant": {
				"num_particles": 1
			},
			"minecraft:emitter_lifetime_once": {
				"active_time": 1
			},
			"minecraft:emitter_shape_point": {
				"offset": [-0.015625, 0, 0]
			},
			"minecraft:particle_lifetime_expression": {
				"max_lifetime": 32
			},
			"minecraft:particle_initial_speed": 0,
			"minecraft:particle_motion_dynamic": {},
			"minecraft:particle_appearance_billboard": {
				"size": [0.015625, 0.015625],
				"facing_camera_mode": "direction_x",
				"direction": {
					"mode": "custom",
					"custom_direction": [0, 0, 1]
				}
			}
		}
	}
}