{
	"format_version": "1.10.0",
	"particle_effect": {
		"description": {
			"identifier": "xboycraft:creeper_head_X",
			"basic_render_parameters": {
				"material": "particles_alpha",
				"texture": "textures/entity/creeper/creeper"
			}
		},

		"events": {
			"send": {
				"sequence": [
					{
						"particle_effect": {
							"effect": "xboycraft:creeper_head_U",
							"type": "emitter"
						}
					},
					{
						"particle_effect": {
							"effect": "xboycraft:creeper_head_D",
							"type": "emitter"
						}
					},
					{
						"particle_effect": {
							"effect": "xboycraft:creeper_head_N",
							"type": "emitter"
						}
					},
					{
						"particle_effect": {
							"effect": "xboycraft:creeper_head_E",
							"type": "emitter"
						}
					},
					{
						"particle_effect": {
							"effect": "xboycraft:creeper_head_W",
							"type": "emitter"
						}
					},
					{
						"particle_effect": {
							"effect": "xboycraft:creeper_head_S",
							"type": "emitter"
						}
					}
				]
			}
		},

		"components": {
			"minecraft:particle_lifetime_events": {
				"timeline": {
					"0.0": "send"
				}
			},
			"minecraft:emitter_rate_instant": {
				"num_particles": 1
			},
			"minecraft:particle_appearance_billboard": {
				"size": [0.0, 0.0]
			},
			"minecraft:emitter_lifetime_once": {
				"active_time": 1
			},
			"minecraft:emitter_shape_point": {}
		}
	}
}