{"format_version":"1.10.0","particle_effect":{"description":{"identifier":"xboycraft:blaze_default_head_0_U","basic_render_parameters":{"material":"particles_alpha","texture":"textures/entity/blaze"}},"components":{"minecraft:particle_appearance_lighting":{},"minecraft:emitter_rate_instant":{"num_particles":1},"minecraft:emitter_lifetime_once":{},"minecraft:emitter_shape_point":{"offset":[0,1.75,0]},"minecraft:particle_lifetime_expression":{"max_lifetime":32},"minecraft:particle_appearance_billboard":{"size":[0.25,0.25],"facing_camera_mode":"direction_z","direction":{"mode":"custom","custom_direction":[0,-1,0]},"uv":{"texture_width":64,"texture_height":32,"uv":[8,0],"uv_size":[8,8]}}}}}