{"format_version":"1.10.0","particle_effect":{"description":{"identifier":"xboycraft:blaze_default_X","basic_render_parameters":{"material":"particles_alpha","texture":"textures/entity/creeper/creeper"}},"events":{"send":{"sequence":[{"particle_effect":{"effect":"xboycraft:blaze_default_upperBodyParts0_0_w","type":"emitter"}},{"particle_effect":{"effect":"xboycraft:blaze_default_upperBodyParts0_0_S","type":"emitter"}},{"particle_effect":{"effect":"xboycraft:blaze_default_upperBodyParts0_0_E","type":"emitter"}},{"particle_effect":{"effect":"xboycraft:blaze_default_upperBodyParts0_0_N","type":"emitter"}},{"particle_effect":{"effect":"xboycraft:blaze_default_upperBodyParts0_0_U","type":"emitter"}},{"particle_effect":{"effect":"xboycraft:blaze_default_upperBodyParts0_0_X","type":"emitter"}},{"particle_effect":{"effect":"xboycraft:blaze_default_upperBodyParts1_0_E","type":"emitter"}},{"particle_effect":{"effect":"xboycraft:blaze_default_upperBodyParts1_0_w","type":"emitter"}},{"particle_effect":{"effect":"xboycraft:blaze_default_upperBodyParts1_0_S","type":"emitter"}},{"particle_effect":{"effect":"xboycraft:blaze_default_upperBodyParts1_0_N","type":"emitter"}},{"particle_effect":{"effect":"xboycraft:blaze_default_upperBodyParts1_0_X","type":"emitter"}},{"particle_effect":{"effect":"xboycraft:blaze_default_upperBodyParts2_0_w","type":"emitter"}},{"particle_effect":{"effect":"xboycraft:blaze_default_upperBodyParts1_0_U","type":"emitter"}},{"particle_effect":{"effect":"xboycraft:blaze_default_upperBodyParts2_0_N","type":"emitter"}},{"particle_effect":{"effect":"xboycraft:blaze_default_upperBodyParts2_0_E","type":"emitter"}},{"particle_effect":{"effect":"xboycraft:blaze_default_upperBodyParts2_0_S","type":"emitter"}},{"particle_effect":{"effect":"xboycraft:blaze_default_upperBodyParts3_0_E","type":"emitter"}},{"particle_effect":{"effect":"xboycraft:blaze_default_upperBodyParts2_0_X","type":"emitter"}},{"particle_effect":{"effect":"xboycraft:blaze_default_upperBodyParts2_0_U","type":"emitter"}},{"particle_effect":{"effect":"xboycraft:blaze_default_upperBodyParts3_0_w","type":"emitter"}},{"particle_effect":{"effect":"xboycraft:blaze_default_upperBodyParts3_0_X","type":"emitter"}},{"particle_effect":{"effect":"xboycraft:blaze_default_upperBodyParts3_0_N","type":"emitter"}},{"particle_effect":{"effect":"xboycraft:blaze_default_upperBodyParts3_0_S","type":"emitter"}},{"particle_effect":{"effect":"xboycraft:blaze_default_upperBodyParts3_0_U","type":"emitter"}},{"particle_effect":{"effect":"xboycraft:blaze_default_upperBodyParts4_0_E","type":"emitter"}},{"particle_effect":{"effect":"xboycraft:blaze_default_upperBodyParts4_0_S","type":"emitter"}},{"particle_effect":{"effect":"xboycraft:blaze_default_upperBodyParts4_0_N","type":"emitter"}},{"particle_effect":{"effect":"xboycraft:blaze_default_upperBodyParts4_0_X","type":"emitter"}},{"particle_effect":{"effect":"xboycraft:blaze_default_upperBodyParts4_0_w","type":"emitter"}},{"particle_effect":{"effect":"xboycraft:blaze_default_upperBodyParts5_0_w","type":"emitter"}},{"particle_effect":{"effect":"xboycraft:blaze_default_upperBodyParts4_0_U","type":"emitter"}},{"particle_effect":{"effect":"xboycraft:blaze_default_upperBodyParts5_0_E","type":"emitter"}},{"particle_effect":{"effect":"xboycraft:blaze_default_upperBodyParts5_0_X","type":"emitter"}},{"particle_effect":{"effect":"xboycraft:blaze_default_upperBodyParts5_0_U","type":"emitter"}},{"particle_effect":{"effect":"xboycraft:blaze_default_upperBodyParts5_0_N","type":"emitter"}},{"particle_effect":{"effect":"xboycraft:blaze_default_upperBodyParts5_0_S","type":"emitter"}},{"particle_effect":{"effect":"xboycraft:blaze_default_upperBodyParts6_0_w","type":"emitter"}},{"particle_effect":{"effect":"xboycraft:blaze_default_upperBodyParts6_0_N","type":"emitter"}},{"particle_effect":{"effect":"xboycraft:blaze_default_upperBodyParts6_0_E","type":"emitter"}},{"particle_effect":{"effect":"xboycraft:blaze_default_upperBodyParts6_0_S","type":"emitter"}},{"particle_effect":{"effect":"xboycraft:blaze_default_upperBodyParts6_0_X","type":"emitter"}},{"particle_effect":{"effect":"xboycraft:blaze_default_upperBodyParts6_0_U","type":"emitter"}},{"particle_effect":{"effect":"xboycraft:blaze_default_upperBodyParts7_0_E","type":"emitter"}},{"particle_effect":{"effect":"xboycraft:blaze_default_upperBodyParts7_0_N","type":"emitter"}},{"particle_effect":{"effect":"xboycraft:blaze_default_upperBodyParts7_0_w","type":"emitter"}},{"particle_effect":{"effect":"xboycraft:blaze_default_upperBodyParts7_0_S","type":"emitter"}},{"particle_effect":{"effect":"xboycraft:blaze_default_upperBodyParts7_0_X","type":"emitter"}},{"particle_effect":{"effect":"xboycraft:blaze_default_upperBodyParts7_0_U","type":"emitter"}},{"particle_effect":{"effect":"xboycraft:blaze_default_upperBodyParts8_0_E","type":"emitter"}},{"particle_effect":{"effect":"xboycraft:blaze_default_upperBodyParts8_0_N","type":"emitter"}},{"particle_effect":{"effect":"xboycraft:blaze_default_upperBodyParts8_0_S","type":"emitter"}},{"particle_effect":{"effect":"xboycraft:blaze_default_upperBodyParts8_0_w","type":"emitter"}},{"particle_effect":{"effect":"xboycraft:blaze_default_upperBodyParts8_0_X","type":"emitter"}},{"particle_effect":{"effect":"xboycraft:blaze_default_upperBodyParts8_0_U","type":"emitter"}},{"particle_effect":{"effect":"xboycraft:blaze_default_upperBodyParts9_0_N","type":"emitter"}},{"particle_effect":{"effect":"xboycraft:blaze_default_upperBodyParts9_0_E","type":"emitter"}},{"particle_effect":{"effect":"xboycraft:blaze_default_upperBodyParts9_0_w","type":"emitter"}},{"particle_effect":{"effect":"xboycraft:blaze_default_upperBodyParts9_0_S","type":"emitter"}},{"particle_effect":{"effect":"xboycraft:blaze_default_upperBodyParts9_0_X","type":"emitter"}},{"particle_effect":{"effect":"xboycraft:blaze_default_upperBodyParts9_0_U","type":"emitter"}},{"particle_effect":{"effect":"xboycraft:blaze_default_upperBodyParts10_0_E","type":"emitter"}},{"particle_effect":{"effect":"xboycraft:blaze_default_upperBodyParts10_0_N","type":"emitter"}},{"particle_effect":{"effect":"xboycraft:blaze_default_upperBodyParts10_0_X","type":"emitter"}},{"particle_effect":{"effect":"xboycraft:blaze_default_upperBodyParts10_0_w","type":"emitter"}},{"particle_effect":{"effect":"xboycraft:blaze_default_upperBodyParts10_0_S","type":"emitter"}},{"particle_effect":{"effect":"xboycraft:blaze_default_upperBodyParts10_0_U","type":"emitter"}},{"particle_effect":{"effect":"xboycraft:blaze_default_upperBodyParts11_0_w","type":"emitter"}},{"particle_effect":{"effect":"xboycraft:blaze_default_upperBodyParts11_0_E","type":"emitter"}},{"particle_effect":{"effect":"xboycraft:blaze_default_upperBodyParts11_0_N","type":"emitter"}},{"particle_effect":{"effect":"xboycraft:blaze_default_upperBodyParts11_0_S","type":"emitter"}},{"particle_effect":{"effect":"xboycraft:blaze_default_upperBodyParts11_0_U","type":"emitter"}},{"particle_effect":{"effect":"xboycraft:blaze_default_upperBodyParts11_0_X","type":"emitter"}},{"particle_effect":{"effect":"xboycraft:blaze_default_head_0_E","type":"emitter"}},{"particle_effect":{"effect":"xboycraft:blaze_default_head_0_w","type":"emitter"}},{"particle_effect":{"effect":"xboycraft:blaze_default_head_0_N","type":"emitter"}},{"particle_effect":{"effect":"xboycraft:blaze_default_head_0_S","type":"emitter"}},{"particle_effect":{"effect":"xboycraft:blaze_default_head_0_X","type":"emitter"}},{"particle_effect":{"effect":"xboycraft:blaze_default_head_0_U","type":"emitter"}}]}},"components":{"minecraft:particle_lifetime_events":{"timeline":{"0.0":"send"}},"minecraft:emitter_rate_instant":{"num_particles":1},"minecraft:particle_appearance_billboard":{"size":[0,0]},"minecraft:emitter_lifetime_once":{"active_time":1},"minecraft:emitter_shape_point":{}}}}