{"format_version":"1.10.0","particle_effect":{"description":{"identifier":"xboycraft:bat_default_rightWing_0_X","basic_render_parameters":{"material":"particles_alpha","texture":"textures/entity/bat"}},"components":{"minecraft:particle_appearance_lighting":{},"minecraft:emitter_rate_instant":{"num_particles":1},"minecraft:emitter_lifetime_once":{},"minecraft:emitter_shape_point":{"offset":[-0.4375,0.4375,0.125]},"minecraft:particle_lifetime_expression":{"max_lifetime":32},"minecraft:particle_appearance_billboard":{"size":[0.3125,0.03125],"facing_camera_mode":"direction_z","direction":{"mode":"custom","custom_direction":[0,1,0]},"uv":{"uv":[43,0],"uv_size":[10,1]}}}}}