{"format_version":"1.10.0","particle_effect":{"description":{"identifier":"xboycraft:bat_default_X","basic_render_parameters":{"material":"particles_alpha","texture":"textures/entity/creeper/creeper"}},"events":{"send":{"sequence":[{"particle_effect":{"effect":"xboycraft:bat_default_head_0_w","type":"emitter"}},{"particle_effect":{"effect":"xboycraft:bat_default_head_0_E","type":"emitter"}},{"particle_effect":{"effect":"xboycraft:bat_default_head_0_N","type":"emitter"}},{"particle_effect":{"effect":"xboycraft:bat_default_head_0_S","type":"emitter"}},{"particle_effect":{"effect":"xboycraft:bat_default_rightEar_0_E","type":"emitter"}},{"particle_effect":{"effect":"xboycraft:bat_default_head_0_X","type":"emitter"}},{"particle_effect":{"effect":"xboycraft:bat_default_head_0_U","type":"emitter"}},{"particle_effect":{"effect":"xboycraft:bat_default_rightEar_0_S","type":"emitter"}},{"particle_effect":{"effect":"xboycraft:bat_default_rightEar_0_w","type":"emitter"}},{"particle_effect":{"effect":"xboycraft:bat_default_rightEar_0_X","type":"emitter"}},{"particle_effect":{"effect":"xboycraft:bat_default_rightEar_0_N","type":"emitter"}},{"particle_effect":{"effect":"xboycraft:bat_default_rightEar_0_U","type":"emitter"}},{"particle_effect":{"effect":"xboycraft:bat_default_leftEar_0_E","type":"emitter"}},{"particle_effect":{"effect":"xboycraft:bat_default_leftEar_0_w","type":"emitter"}},{"particle_effect":{"effect":"xboycraft:bat_default_leftEar_0_N","type":"emitter"}},{"particle_effect":{"effect":"xboycraft:bat_default_leftEar_0_S","type":"emitter"}},{"particle_effect":{"effect":"xboycraft:bat_default_leftEar_0_X","type":"emitter"}},{"particle_effect":{"effect":"xboycraft:bat_default_body_0_w","type":"emitter"}},{"particle_effect":{"effect":"xboycraft:bat_default_leftEar_0_U","type":"emitter"}},{"particle_effect":{"effect":"xboycraft:bat_default_body_0_N","type":"emitter"}},{"particle_effect":{"effect":"xboycraft:bat_default_body_0_S","type":"emitter"}},{"particle_effect":{"effect":"xboycraft:bat_default_body_0_U","type":"emitter"}},{"particle_effect":{"effect":"xboycraft:bat_default_body_1_E","type":"emitter"}},{"particle_effect":{"effect":"xboycraft:bat_default_body_1_w","type":"emitter"}},{"particle_effect":{"effect":"xboycraft:bat_default_body_0_X","type":"emitter"}},{"particle_effect":{"effect":"xboycraft:bat_default_body_1_N","type":"emitter"}},{"particle_effect":{"effect":"xboycraft:bat_default_body_1_S","type":"emitter"}},{"particle_effect":{"effect":"xboycraft:bat_default_body_1_X","type":"emitter"}},{"particle_effect":{"effect":"xboycraft:bat_default_body_0_E","type":"emitter"}},{"particle_effect":{"effect":"xboycraft:bat_default_body_1_U","type":"emitter"}},{"particle_effect":{"effect":"xboycraft:bat_default_rightWing_0_w","type":"emitter"}},{"particle_effect":{"effect":"xboycraft:bat_default_rightWing_0_U","type":"emitter"}},{"particle_effect":{"effect":"xboycraft:bat_default_rightWing_0_N","type":"emitter"}},{"particle_effect":{"effect":"xboycraft:bat_default_rightWing_0_E","type":"emitter"}},{"particle_effect":{"effect":"xboycraft:bat_default_rightWingTip_0_E","type":"emitter"}},{"particle_effect":{"effect":"xboycraft:bat_default_rightWing_0_S","type":"emitter"}},{"particle_effect":{"effect":"xboycraft:bat_default_rightWing_0_X","type":"emitter"}},{"particle_effect":{"effect":"xboycraft:bat_default_rightWingTip_0_w","type":"emitter"}},{"particle_effect":{"effect":"xboycraft:bat_default_rightWingTip_0_X","type":"emitter"}},{"particle_effect":{"effect":"xboycraft:bat_default_leftWing_0_E","type":"emitter"}},{"particle_effect":{"effect":"xboycraft:bat_default_rightWingTip_0_N","type":"emitter"}},{"particle_effect":{"effect":"xboycraft:bat_default_rightWingTip_0_S","type":"emitter"}},{"particle_effect":{"effect":"xboycraft:bat_default_rightWingTip_0_U","type":"emitter"}},{"particle_effect":{"effect":"xboycraft:bat_default_leftWing_0_w","type":"emitter"}},{"particle_effect":{"effect":"xboycraft:bat_default_leftWing_0_N","type":"emitter"}},{"particle_effect":{"effect":"xboycraft:bat_default_leftWing_0_X","type":"emitter"}},{"particle_effect":{"effect":"xboycraft:bat_default_leftWing_0_U","type":"emitter"}},{"particle_effect":{"effect":"xboycraft:bat_default_leftWing_0_S","type":"emitter"}},{"particle_effect":{"effect":"xboycraft:bat_default_leftWingTip_0_E","type":"emitter"}},{"particle_effect":{"effect":"xboycraft:bat_default_leftWingTip_0_N","type":"emitter"}},{"particle_effect":{"effect":"xboycraft:bat_default_leftWingTip_0_S","type":"emitter"}},{"particle_effect":{"effect":"xboycraft:bat_default_leftWingTip_0_w","type":"emitter"}},{"particle_effect":{"effect":"xboycraft:bat_default_leftWingTip_0_X","type":"emitter"}},{"particle_effect":{"effect":"xboycraft:bat_default_leftWingTip_0_U","type":"emitter"}}]}},"components":{"minecraft:particle_lifetime_events":{"timeline":{"0.0":"send"}},"minecraft:emitter_rate_instant":{"num_particles":1},"minecraft:particle_appearance_billboard":{"size":[0,0]},"minecraft:emitter_lifetime_once":{"active_time":1},"minecraft:emitter_shape_point":{}}}}