{"format_version":"1.10.0","particle_effect":{"description":{"identifier":"xboycraft:bat_default_body_0_X","basic_render_parameters":{"material":"particles_alpha","texture":"textures/entity/bat"}},"components":{"minecraft:particle_appearance_lighting":{},"minecraft:emitter_rate_instant":{"num_particles":1},"minecraft:emitter_lifetime_once":{},"minecraft:emitter_shape_point":{"offset":[0,0.5,0]},"minecraft:particle_lifetime_expression":{"max_lifetime":32},"minecraft:particle_appearance_billboard":{"size":[0.1875,0.1875],"facing_camera_mode":"direction_z","direction":{"mode":"custom","custom_direction":[0,1,0]},"uv":{"uv":[6,16],"uv_size":[6,6]}}}}}