{"format_version":"1.10.0","particle_effect":{"description":{"identifier":"xboycraft:bat_default_rightWingTip_0_S","basic_render_parameters":{"material":"particles_alpha","texture":"textures/entity/bat"}},"components":{"minecraft:particle_appearance_lighting":{},"minecraft:emitter_rate_instant":{"num_particles":1},"minecraft:emitter_lifetime_once":{},"minecraft:emitter_shape_point":{"offset":[-1,1,0.15625]},"minecraft:particle_lifetime_expression":{"max_lifetime":32},"minecraft:particle_appearance_billboard":{"size":[0.25,0.375],"facing_camera_mode":"direction_z","direction":{"mode":"custom","custom_direction":[0,0,1]},"uv":{"uv":[34,17],"uv_size":[8,12]}}}}}