{"format_version":"1.10.0","particle_effect":{"description":{"identifier":"xboycraft:bat_default_leftWing_0_w","basic_render_parameters":{"material":"particles_alpha","texture":"textures/entity/bat"}},"components":{"minecraft:particle_appearance_lighting":{},"minecraft:emitter_rate_instant":{"num_particles":1},"minecraft:emitter_lifetime_once":{},"minecraft:emitter_shape_point":{"offset":[0.125,0.9375,0.125]},"minecraft:particle_lifetime_expression":{"max_lifetime":32},"minecraft:particle_appearance_billboard":{"size":[0.03125,0.5],"facing_camera_mode":"direction_z","direction":{"mode":"custom","custom_direction":[-1,0,0]},"uv":{"uv":[53,1],"uv_size":[1,16]}}}}}